transaction_hash,transaction_index,block_hash,block_number,cumulative_gas_used,gas_used,contract_address,root,status,effective_gas_price,l1_fee,l1_gas_used,l1_gas_price,l1_fee_scalar
0xe65a4f4a49dcbf57f40790c824328de4ad3cf96d241c5b7a1bfbe571e17145f0,1,0x719d95254fc63294fe1568362b86c18fa33a8d7b9007ad2efab3a096c83b3729,61251,241736,220736,0x1702c089c3d4b2b8e09232f36114e41c214d6939,0x6f8b3cd8612997c0fe1f2fac3c6b0d3a80183831bacd958eed5c883029dd4e2b,,59932184455,,,,
0xbfcd29aedfe329b827e7f699d82a42770512384b174b9a46ed7334be70d9e551,0,0xbd0e57e22d54355c4f7d9b3f7806ca2ed434dd80de8fbd85512e2c297c096a03,61435,280798,280798,0x3d20ca881df543228b314bbe1d47bb54db124383,0xe222e01204998c4cee636a4af940431955240e1343d06cd2d73691b3e3a1729a,,56350552918,,,,
0x1676d96fd9f6c875cefaaf4381ffe39df7679edaafab581c8aafe818b3ca6968,0,0x5eeb6f6e8cfcd93ccf6219a3f249555999f28daf35b411de9c393c0ad2807cce,61657,361658,361658,0x4cce413f565f8a9e2a25d9d270a9a36061f4439d,0xa02079278331fb36cba16cdbdcbc357488ff7d05e3ff20005c25759106309ffc,,56437379810,,,,
0x01b05bed03a2d9f0ef7ff6c3dcf90fb9b59ce53d2bf5efb7b967b815f246a107,0,0xe3f005ef4ea6bd5c043b2d9c9857355f01a52b93e6c1a1af94cef75020fb1988,61819,221120,221120,0xfca662d5d0af161b8fa6986e7901348c0e3caaed,0x1bbd06b38d0bf2ec1aa66222e06e1bbf06df5e3bfefe1e7f0bf9c5aff8710e01,,55901379360,,,,
0x05584f2bd9acaa65e1a8b113c1ff7064c2848d64f07e09c3f90338630e5a5027,0,0x6ccb484a9ac80d74c244c5ef8a6a924357d2dda86a69d3f93a93b84d5a42c31f,61994,242025,242025,0xfbc128067a2fe13c11bbc6cc55f29aa1f27630da,0x6fedf0dd4b36ef3fd185a757889ef7a45d98ab348ee2d9b4bff42306475068e8,,1151732355243,,,,
0xa7adc2e95a9a5fc0fb3d788728a4bcc84f6dc1ad14d2d9bffb828fbdf71b70be,0,0xade06e52b9a573059f534b0b740bf8a1d54205a61430c289c51f091ab83e02bf,62127,300414,300414,0xeb46b81b790df256e4f9236a1e2c3a26e3d284f8,0xd325c311c4743bb9fae06d0f790bb9686ecbd2c2885adfa747433f623b41f710,,57372942420,,,,
0xb0b9e09b1d9239197ec765c8daf52036b8aacb63fc6727c66f49d2ee3f00e302,1,0x5761ab6f3c492bb466c7e4c1a8691ca2be0ae7fdfe8dd3791663eaaa4f45722a,62166,338194,316582,0x95a93b4d6cdf68235f3b68046d0f81e78d61572c,0x874f037e4036d9b749e0fd25421f8876b74389cf9a75012064ef3fb8db286a39,,58812027960,,,,
0xcf0d7e8c04d367387477adde17c1d17d1cccb042c0d38ed369360544e46ab5e3,0,0xbcccbd8582db5aada7b3c3ee253f4f0145659181b4fab4909ee37f00f5fa3382,62182,251306,251306,0x0b7591abdf17a364f167a99af38e58694acb2aa6,0xbcf2badf826c53f59da92b50e14e10bc78e4569a173e252cc7bc14c7c27aa284,,59327529791,,,,
0x4efa1635f67293876e8a30f9649ba762fc1e569ee4a94720f2f7e0489a9782cd,0,0x8b05cb95aca041bdfa695ded06f45fb2cafd428e55513d0689da4b4233e4f690,62220,289548,289548,0xdd078da257128aef13471ace70ef448c0a3f1eca,0x3c8d1f0859fc926bddb5a481c4a12ca0b30b6b110349bfa62317e545f9ff847b,,58501380032,,,,
0x7c049fa31ab37ad2107c1cecf1fa683bcc1429774c0855f1984db9ae0c7546f4,0,0x1ac13fc396c03862122a8631aa6b5060842daaa45ad3873fbe5e602da0bbafcf,62398,291516,291516,0x8b9a77ea50493eea6ba980f74dd66ff633172917,0xc5732c4f151504173c319c7d97a11c3f8b7983ab17f3b9f6e9e4d6a0794c5e15,,56623620997,,,,
0xea12cf90c6bfce3d71d52a0709af28b283a6e0e0008a9d2475b7c2259f62dd1e,0,0x127253dc6c8e21008fc0bf512f2d40b9b9901b1abf09a59adbdab3150debd16d,62435,317071,317071,0xa6896c6bb7e0ac7c620ee36a74d298b4786f1872,0xf1a0af744db77e7f89ec37ab6380ea6699169f366feb8b728114b189596c90fd,,58340574337,,,,
0x9808ba5a136fa6d8b72f2ca425fdaa12ac76c0ff0975465c6227b86c94786ba0,0,0xaa6a047582250ffe21825d64e99d3b6dad6045f7bb5401816a39b82eebe239db,62499,320445,320445,0x6c18eb3a3cbfc8fc6eec1d80ab1d0dc5510fa0b1,0xeb9d084d02be2a01c0e842b213ab0631e3b0015c936b29eae02ab67f641e540c,,56780607348,,,,
0xa7b5c52401cfaeaed4859342c7c90948f01ac357855af047eb3ab6210b253d46,0,0x016775ea4a7afe31880ab53c7b0580928dad25a32363ddd9d510a14e9f83b4a7,62632,254210,254210,0x125b606c67e8066da65069652b656c19717745fa,0x5630184153033bb3fda213a1dfd5a413b1e18b458064a62fe18d3d8db140e849,,54539284070,,,,
0xa4aeaa44d15b530d821ad92eb105938be5f9c104c98cd44000ab1b15f3cb399e,0,0x67f09b05d0f3e79076825e10864bf59b42221e961a8a50e91ac11919428af463,62912,267886,267886,0xf3ffaeaf1da13be6e101c78554abcfb1c93a4db8,0xc052e8b0acef99e4095911b125210f8a1122b48f28753aa269ac5e739bae14c2,,57298559469,,,,
0x12dc0a57f8e63789bbeb6f21cc6a6d184030d3927550d6996899cd1954b3ad44,0,0xaf14f151070d4bf206e2294fc504115c44b4d64392169f6329ec904112d28635,63331,779965,779965,0x2272d8d4dec7df90a36f03eff778decc6918f1a9,0xa043d6b828299ba6474f2c2d63d0a6bd0685205b0067ce4aa2dc4daf7450743e,,55845193163,,,,
0x2aa617132921d40638c1fa2695769568bcd9260e27b29bd69af54d3d9708a826,0,0x799ee38078defac74744e61252fa3113d50a718dcab5470348d374734603f0b7,63333,61640,61640,0xa85146c7ba442f7cba546c89bc555432ab9bbf06,0x49942bc51ac5f2cbac50f871b66a330ded705830b4bdd991ea678f80dea3cd5b,,54715043963,,,,
0x251cbc2842e7fc983d2ae3e39826446760e53f8cabddda757b4d02c76a567dc1,0,0x3732863ea87604f5e56685c1394ed63b09b0fdddc10604f412d664980e394d69,63337,72256,72256,0x87ad8fed4213f32f311779749b566d561846d9bc,0x795561761c9fd06f9f88d9cffec55d0cafc6e899dfd539d362fbb627106ea2b9,,58681948002,,,,
0x258a93bf65790447d671ba836ca522fecd0f8034bfdad0f95634c0f923a20984,0,0x64d3eb5630dfbb8c57f0d3b6e596da8c4fa25d785126dd02dd93d3b603f74b2a,63809,148265,148265,0x793ae8c1b1a160bfc07bfb0d04f85eab1a71f4f2,0x7e468a8d0cce3453eff83776ca0069989172eff2d41c0b504b3c1e21238f14fc,,55848097716,,,,
0xd32f489c11ba4c03f6cfc9b2d49f8f8ccaa47925c0192cb3c50871f485e0a237,0,0xc17b4116dc8a851f92b4fb4204d16272b2085c6b6e63700a07e682239dad4f75,63886,49243,49243,0xfcb20ae9a3fa95af55803b8cdab4b0643fb96d3f,0xcd1b6f44d33a65a1604354d1783051560346f07506ee9b15d69017bb8fd1b9a5,,57690682985,,,,
0x70cc4cdf696b8356a41845c2f342fa3bc4f6aa203d1f71e8a8b4be6250a7d0d1,1,0x85a9bccb16f2b9f32f71c313bcd2ad66c3e958cea416a14417087122af9b10d1,63925,198692,177080,0xf30bf3dcb1fa1ce1427ae586c54a95fce48f7db2,0x10b1185aa8d9437ac8e82e8cd9eb1e081bf3d1de07b5e720a07915ced572e579,,59273350864,,,,
0x0ba21f87f6715cace68d6929f93b4dc6b94e04c4e57ffe876c64007bc45b6e32,0,0x61f9c13ed146eef06a9325b39209d7b1a07e181189c66b444124d0c547e0230b,64073,99733,99733,0x4c5a2d876421bcf8518c34778b652a63d463b56e,0x73188c0ce8093237a843a8048d0342ab8d1505d3192d07e8d86efbc90cdca482,,57608012565,,,,
0xdd43d9ba1d192564f8f68978282fa6d53e95efae7b829a0584b407c2398311dd,0,0x24c2c2752e9df7ee5d631a2120f563805d061c1ced2a10415c9b0f824af62aec,64076,99733,99733,0x28111823d089491106a18a3b1e08f15938f0510b,0xc05e3947b0969a2bb44d5a18d5694ab0524649f3aef0cf0cb033f650d3efefb5,,54819421332,,,,
0x5c2522f46df93c16ac2537341ee95e6d7baa71fd278696cfbf3355d8604d026e,2,0xfe84792df0fa03688c3b4219cf8f0324834b12234d10c5cb9e6e0022900ccfce,64112,263439,221439,0xdf4b519d56f879707b5139c9e7f8957114dc9b87,0x5575e49c9faf6d32a35d5ffd82c39125deadd340e54c1ae9f9e26387aa9db24d,,57514345997,,,,
0x140f030bbe50f7dac4ea01b0f0db63f983142d505e7bd438b8a1f97f6c9826e2,1,0x518c52b50542e47a7eb6b43557796b99e6f4f6d214f6ba426eb2eb944afad78b,64263,190559,168947,0x09d7d329a642ef73402360b9a1039bf6bc342c02,0x27514ee074d9a7f77845b04f47005b771d66bc2037b366ebcc1fe4d0c2c151ec,,57608012565,,,,
0x11cc4ce66173ddc329fa831903000ad2b4f26bb7dfa3ae20ff337d0348b5f58e,0,0xae34e8ee9b8b295980f21af4822346c5bcf4ab7151d8b011f51a139a3f9d111c,64444,221184,221184,0xd2c12462b5b2e3cad01c9034f9e8f6921811cc63,0xe29faa210bf0ea69f509351765e24f78ad16fe58e75363f0bd805bce368fcd2f,,56986373024,,,,
0x2eec8c56e25df7bbd2b64b2ce82498e77bc3cc8721cd11d3650840ad87425fbc,1,0x1aacaddb57ee4474a0d5109327f08a5d41003ec109fdc7f0e39964933ac0c08f,65215,242632,221632,0xd7dc1d3210e52099a8b303cffc642ae0904de02b,0x559e51fce0f3f73aae7d68b96763bdeba5ea5616667b1c8d36bc23142e032918,,56649418468,,,,
0xc5352423b9471e4eabb8f92962c0449d3dc3899fc9309257e35882a619d15f78,0,0x676494743d5df37250b8db3e23f052965f03f5c1af59dea49aa0cc78eeda719c,65327,221120,221120,0x90ab39213f1d947e2a3b8936ac37dca2556a9ece,0xb07430e930b017d94555dbe7a33c21653b04454b8a2e8c95aa5ae0a234e7a549,,1123078047007,,,,
0x2eb8389429099e3b89eb776bbe2679b469e9fa5a6776b32758c0be0171c8b819,1,0x0b14125ff9fdb36bef8a566c1a3cf6aa1356a366b2f42fdcc252466a2240aea8,65407,311272,267886,0xed5868f9ec0651f5a9797fad4716c1269b776730,0x2d123e26edfcb88847de2450a1b88c772ff75a9e3506bb8ee640e42591223a53,,55584765580,,,,
0x4f601e205165a4761c1d5b39eb664e2e8d0854f802eed47d4d2a6cad8a398fba,1,0xd701ee10d217e4d9c15fd5959cad17d10af37b9d0db14e1f058b862421708608,65826,311272,267886,0x0fa647372d8535054f3a9c269f1c5d8299fd0bf6,0x630a7b26841f0ed15403f2e620e2e17ee210b562ada8224e127f50f788bffd7d,,59596749051,,,,
0x90205b3e707464799b49f04a4687b7a76103f805c4afbc5b0b8363c842a408c0,0,0xbcbd06ebd04efbb02546a2a5979e11def0f9cb8274f671405fa2aeead9cad6e1,65856,267886,267886,0x305e14e760862d558d50271c353d388d094a6e8f,0x4857856525f013cd21a0db1d59fc87d3b9c8c726503ca1ab4cc1872a81ed431f,,54778611764,,,,
0xb886c66ed12571bdc24329bb653f193e51e2677f832166d1afdcfa4ad247bf23,0,0x227c06e4e12f5b81564e3eab511705a0e5ef456dcdd2b88f24e17522dddd09c2,65882,267886,267886,0x1e91bbd6bf9a7cbfd8da173162012512cd32bc56,0xce8403fd6593d1eb554d0d2d7f6f70d4b212f87a719728a139d959a4c7c1c846,,57806172251,,,,
0x681d06fa9196e08dd62ad5795235e28733c4d8295307d114191ddddc6658a14f,0,0x910c14ecbe7ea2ca292296037ad5d299dbcb2a2eb359ac773fa433d233e966a4,65894,267886,267886,0xcac7000c7dbaa2e33af15325af5d435e011c7bdd,0x8bf38384ff0c141cc0e16246d5e2c5617e1ae42d04160af055ce55a8ef7ab491,,57355453647,,,,
0x58e586c7941f40ae1ad518bbd5ffe4e7bbc3197ecf691f49f103120caf16151a,0,0x5869b300f508cab35d32219fefa17db4ba8f93f155d9b0f64ecc63ae10d2038e,65952,408787,408787,0x17728339e98e8ecc37d83701d2686fde434664aa,0x4f00e7ef0e223c277e66f38a261365d307fada69d681251525d4e9cd4336c498,,59343429956,,,,
0x8478eedb4b0a7309de241b4da8311c6e0b91405bd4cd2739aba2a40a9e85531b,0,0x80cb4a1f7d35cad112c1f035a5f31ccf52b450227fa6754a73a7d4f7b9cdf30d,66126,761357,761357,0x5fe5b7546d1628f7348b023a0393de1fc825a4fd,0xd8184e5fba80c51cee256f4e6479a176a7434f6c9a3cd4b67c0777a55b3c6395,,57935965411,,,,
0x11eb3af1add29a8c18518436fd6bdbe2901a4a66d7479ebe2988e6c25d9d813b,1,0x4823b4a52e889d9bb4860fba9ee41b69907dbe1d703f47264a08ef8442dcbca4,66156,415315,394315,0x02aeac9ca07bc56f37d5ec61b28a3dffd7cff0a3,0xa31e1b17e2e7c429dba37e08098ba3e5a2ae7940dccdbdd1cf8cb2fa194f554e,,56975150005,,,,
0x0b72a39c4632cfd7597c2f8a72c20a1251750fb7dc6d267f0d30fe898cdf8f10,0,0xc2788ab09a3b0464019df2abc09e5ba9e869c53ef57628be8670525659befc48,66173,49243,49243,0xa18d7182d5935578958a07fd7e9d062ddd418761,0xad9e9c791eea187767d82554661ce78b105969c4e5d949fe8fafc78b7a9f8565,,56758379035,,,,
0xf5f43bebf6a740dd5946a041f655c26f3cc50e4afb43712f0b5c23495e976b57,0,0xa3dc12f50176f7157abb4b2f7381509549fdffa3a781af16bea645392b17fe60,66277,242734,242734,0x29fc18dc5036f5b5e153e5063e60428394685a3c,0x4086b7cecbc51a3188bd9426697fb6aad6ded5189743fd00126b286fe93cb5d7,,58518655856,,,,
0x36ad43dfc870cee29e96b97ffd14d9318e7ff2b29a40c4c2b3a193b2b78b4ce3,1,0xe713838170a582a0babca59784d27c1eec7421189f5647427c0620e7d38bde0e,67263,302234,281234,0xd251a133116194faa5ad2bf40f4baf2aa97d2ae4,0xbab60b5fc0bc709e8da8a04c8882ac991b77b489fd0ab11cc8fcde905c41fbb9,,57074419627,,,,
0x4cae4fa62da2a5a68c44a8558ee2b261a373aa3b7ca33bffd3e630523645ff16,0,0xdaa9f418cd7f172d703498cf3f3c69444bc664627bb8e8efd84e493e8d11ab98,68275,577524,577524,0xa02ce4399d1b4a445f9ddb17542266bd629f25de,0x2a7ca0776382cbf92e26e77e628572a756b55df8622f4f13b5ecca9b49106cbe,,55941992139,,,,
0xb7b49a6291f0e75cdc05576acc3489a2f504958722b6924e5f63791ac92d0719,0,0x8c7a31e8c5c9ae8a8ca29fb20909703559a0166ada5dabe1946ebc65e4284cb7,68300,577524,577524,0x33824f7a78a8357a26758a8bbb71f5aacc164f46,0xd04d69ef0fccd51b8cff16e668cb66628e7e3e0ef3efb051bf99532092edd33d,,58947904368,,,,
0x5f0cb0dc62ee9dd39a6efc98e82ca1462add01ac9f2451719fb939a892c6aad4,0,0xd75a78ae69c84ef5aea196693ddb5a69759969a3e6349534d084630489514c92,68436,184280,184280,0xedf619865c8303e591ad2c4b373aae82997b337a,0x220e52e98d2b58b52357bf113b14c4b04448ad1239e71a1849d5b31dce5582aa,,60746997206,,,,
0x115ea4a3b71338367714295f2de0e59c8c22a8a11ac4e08410a2f219ec894a9e,1,0xb193594f73ae329238ea74adf289b13b57fbc355c453a678fa7639bf7c98fbbc,68480,222090,184280,0x93e8f703c29337500d426549633f2be43d63a0fa,0xc6d6f37791a06d2c73ff82d300fb20ab6ec1de0142c479251cd0754a7e5e64ec,,59551844667,,,,
0x7e47c31742ef55701c9ddbe658bd5867f70ef9af55bda1753a39c90a8100c843,1,0xa11e5d8a76f1eadce35252f3284f40e5431539cfb4375d9f421ac4d08e161d2b,68518,229017,184280,0x45f4054e7384d9c4b5be63d3927d9b7d18781fdc,0xa74d175d98532c3111185c7d8dcdc2c069ff6258e48bf15170a4b9d6f017636a,,55348400716,,,,
0x3fec580cf89a28621985d4b9f33fe8b19ee8444983ec9be4d5828d9e2662c925,0,0xfebdfe81b37d993f5352341f738c748bebc9a0cb72937862875a8ad8859e941c,69100,177080,177080,0x0150c34b0f1fb58b755322e7dcfa42d2df390ad4,0xcc15956dbba9553aa01adfc04be016c58f9569756cc676b14266c7bf1c7c3080,,56094833696,,,,
0xa51515e730529ddde5c87254502bb911f009ada5bf667f3ef3785c72fc104820,0,0x4ec2e5555b774ba1d331689154ec381d36ca87218ac5cbde6bb6bd67e2a9448a,69109,177080,177080,0x553c1c567401215c057a972aa823a516e5f1eb1a,0xc2eb3d010c73fc8c6ba0185f54b11fe3ca3ffab103cc11446cf6406dbbe90372,,56665011194,,,,
0xbe03e59781b5e9b63fecec9b55f54d8c015941b679e9d0c74ef1069754631a58,1,0x4ec2e5555b774ba1d331689154ec381d36ca87218ac5cbde6bb6bd67e2a9448a,69109,565296,388216,0x709013617bb52c49003a9c8f3035ef9ec9912b17,0xa1999ea57fad68c914367bdf363e8f83bb6d25a93420a820e45dd1bcee3940cf,,50000000000,,,,
0xa9b394fd0404c8c8de40445adeefc070b0bb8f58cce6cf5cd25ed08add4dabac,0,0x577521cea4e632ff15637d64dd852b8f56109431f96745058a2f09337f71fced,69196,388216,388216,0xad5e5a5bc4654dbef0d5cabd7abeb426769c073a,0xa45885dd04266c6e91f51dfe1501b55a9cf3fbbc63971ec2c306e16c8882e4fc,,50000000000,,,,
0x0cad59c7ca036bbe43e6452f52cf8c3df0601fcefbecbfbe4f10e2b248674299,0,0x3879b9f27ac4eb6aaabd8744a3a16ec054942383fe5cdb6d29920c78eb9f161a,69213,388216,388216,0xdf373f3dab2561668e239ca6e43a8c6aaeb3f825,0x501e33d70963fdc22b274eb53895d9f7c37922bab5351268c58fef3ccc138c39,,50000000000,,,,
0xba5d15e44b4967a6b103d61f69140722e77d7760a1ccdc7f1fe5599678745461,0,0xa93d24d431fa3f697cac6e3843ca0455e37bfeafc15a0e988c32957f82680636,69444,206769,206769,0x9e15f66b34edc3262796ef5e4d27139c931223f0,0x1dcf21b5b2a4d87847a33c0532a149ffda51268a1e76809f115560f24bd4284f,,55469695210,,,,
0xa0bd79032c9f76fd8261dc1434bc1fc3a44b1c87e86166f8e83b63c682f83757,0,0x62144c29e6ad7edb74ea570146b4523ada6ebddfab486bcaa015ecd09a4a1759,71232,433970,433970,0xaa57758209571030173102e53fd07211ce93c397,0x1ae107fb6813bc0ed33d48c67be654ea8abd37d33e269d0eddaa650de3907503,,57935965411,,,,
0x38e9b27b3e1cee25a034643f7bb3cfe8e28f1279093ca8f4f851b70b56d6f4e3,2,0x11b33511fef3df1da944424c51d14a0820edcaef656fa6e005c0d6d2b8cad480,71234,492780,433970,0x1a23df8af55d1009fc19108d48fadce1901fe672,0x6aa49c36c2f2ba78192f45c4700d8c0bcea8d9e072748666b029a3d93c11b9f8,,54890488780,,,,
0x7ad766285d55d7c1f8b83b7361434a3d3d57dc8aeaf3c0863e857eb0de22b23f,0,0x5fb973104eb792a27ba83d3a9ac8345670eabc7cabb657999999de86f716d0ac,71765,221632,221632,0x525d6813c3d4272a29fea666fcca7a296c98a14b,0x7d39b7e8e36ab572f3d45902958692e3dcc5e6616c271883caf1bfcd64daf302,,59856585325,,,,
0xabbbf36298dea226a0f46871ebed1606145532a55ee0b3876fd7fbcab47e7e87,1,0x9022f0d15ed0421b0d22b3f677b137fa7e8751e8c65ae19fb1696f1244bfe918,72085,198016,177016,0x012a5642306b0deb8d65f281d289998223dfb7c7,0xddf9f140204a386f1ab8e076baf369948af1f83d90c1c7e7a032982e210104d1,,58025185771,,,,
0xe711364ff5991088f1f569c469fcbf255cb975fbf34378f2b3839e17c4d0fc3e,0,0x35fc4c40534cf8dd8c2d52c17ba8edf5eb6fd1afb50adc2f8c7c31ec062d034d,72119,751903,751903,0xc2ac6849aec3938fb8c9b36f1c07be76f766637e,0xf673d7f549224f19d5bce28c080ef9b1cb71f5405310591d67493f8a9a29b373,,56335189428,,,,
0x9c189ca26c040c6d5ab3eb847b45347f84c33121d59c5be5a2b1726220832b6a,1,0x35fc4c40534cf8dd8c2d52c17ba8edf5eb6fd1afb50adc2f8c7c31ec062d034d,72119,841903,90000,0x2194b1734ee0f67440884da49952a45b34ba832d,0x718289c32dd11fe80d45d71996dedde014501d4391c6e4ca56a656490ad70755,,50000000000,,,,
0x13cba3a6c151c19cce0778688fa644edec2f01dede3939512eb5dba185e37ccd,1,0x13a2511766fac4027d0742f46e69cff40461cc607c1069059fe6b1b4abcc34d6,72142,339111,301223,0x209711382eaeb6c1e021e0fc81acc5afa9b23d25,0x01086627819bb1e371469dca6d901b30fa7140f9718b0f4fc16999aa2c2967c4,,50000000000,,,,
0x7fbd9bd9c3389a1d5bae886746c7e2101820574ee9330bb5962da7185a102ae1,1,0x4c716fece15faea1c2c8a55ddf0722db5194a2ce2fddb7f76ad6d27cb61e3d1c,72446,470605,449605,0x8dd3da3fab45051ed2cd677c0e53c9de0011944c,0xd8d3d6ed604b5d24cb4e2ca8c1ef5dddf7f3934e68ce5974e110e4d946341493,,1135448585880,,,,
0x549261429725c180c4b6a007d0e1b03d58c4145395250685a0dce4f7dbc1bb46,0,0x5a5810451f55cdbc576268eecdd8ed9f643261a431f679b59bee5c59ed03b4ab,72586,175192,175192,0xae3703584494ade958ad27ec2d289b7a67c19e90,0x46578461898f15812cbe7b311338769b3487a3b4a603af3f9350b87c64e00b80,,1132879664348,,,,
0x0bd55bbf4dfb4e7b15bfed296be3330d5c1116b1bc399a75d3f849edc0d5ac45,0,0xf3af3b57815126cab8d954a14083f61de123dce7b867419f1f9071b7cd037e54,72613,175192,175192,0xd8253352f6044cfe55bcc0748c3fa37b7df81f98,0x0618189b1e46d44f678196aa61c05fc177d5c7f1d6100f5f16f1a3f635fc49c5,,1151582594367,,,,
0x6d59ca82e408b4d1228d484640831ecde3e88a85e62243cf4f5d6f808aef00ae,0,0xaf9068cdbb8f72ee20f1467fc5335ff480d0f7ae50f84004f26ed80935665467,72637,175192,175192,0x85ec166cb81f5010b4a8d365821473dac0c0aa88,0x0291d38f658b59df2cdf5af077dea9d3543f202ccbbfefc9c1016d5418a1ccaa,,1121821836591,,,,
0x3d1530e42023a1a1944c38d60b434d2bbe5585ee957b7a2afeaf4d46cb4ce268,0,0x70561c9e592f09d5b059f4d1cd26d974863e2d093348bb7ace7c768106a2dfe4,72644,175192,175192,0x94befc001e203f141462f16bde60873bcefae401,0xc7da9f98e77654b6666b7c2c23ae3d02a1dc77cc1fb0c0ddc2353817dcfbd944,,1160780166904,,,,
0x6f8e9173738c4fffa6f27e56d280ba2f06eb67aa2b871fb38bd4821744ab3b52,0,0x02a79f9f1190485a6dd24e72ea68e3d028d64673b506c3e7aa5e260e48624236,72662,263179,263179,0x0dac3d571eb5b884a2550db2791d5ac1efca306b,0xdaf24ca65c9d632db7ec25de44effc718259194c76dae47e26fb0c0d11989268,,1177902041360,,,,
0x4e3d2d04f71999569e0de59b6b6f0520ed40fb7f856d769a43bc8a0c7a2fb5cc,0,0x99a4080de6312d6d6e9cdb6a63ef2222ae737039d8471da0641e8a977c923145,72839,515302,515302,0x070f98b1ec27942f613a73d9e22d0ba60e211668,0x27c123e65489b779196a3d12deff65d8c00a52c62afa74627a3bbf45b2cc5d95,,1158719309287,,,,
0x1ff53bdd57b9bf69b96c55a9a16370572ee6cf61b0224760536fcb82476030e1,0,0x91eaf11413c06a0c5084c40f780b21828902c5a0dff9b5cc1ea08340857eaef7,72993,496466,496466,0x7153fdeef24e488af4dc001f620407764ee47747,0xa275d3d0128d39ec5657e24963d396e7dd1c80218b72afba22889f4b8facb67d,,1167974054955,,,,
0x4c05537a0444d1da0e1c0054e1001c02135d65d6e313925e51897b6d5cc94866,0,0xcccce782f3930951f4708289c5629e399997007cb6651f0ad4cbc49790da57dd,73079,90000,90000,0xd0db0d0313f06f9b0ab083a264b7497a82dbadcb,0x600d3225e8770a7d76c6e2859da278f4bca5553ac9cb000bd8a869a267c3c0e3,,58856793222,,,,
0x99cfe8fd87f1a46b3c955fc7413899d8c090c327c02a9c5515a2d5f296ef1462,0,0xe13d38191ae279d729c7dc873445a67796322c8e1d2e33120c9c6d9046d8d4a4,73123,90000,90000,0x9a3ed1b2d366e461edd56c2acfa67afa22ce53ff,0xd812dbc7cf6334c47f58c7b3cc464adec49cd71bd5de602015dfad9fd6e7c257,,56815631720,,,,
0xb1c1f7bbc90b20eb94e722c71405fec115f98079f3004240391310214e683ef6,0,0xd24707ed7813e6fdbd8bdf8bbb9847639884f5fe72c3cbe2b3f754f4d58799fd,73141,189648,189648,0x3e4bd3aea13f59b9502073b7a03cfb52ececc997,0x8bff9a28915385889e8991d47aefb8c6a67dbb3017290531220701c19462b7e4,,59416088145,,,,
0xb0f0d9b96f7bb160ec3373860e86ab38a4b70c793f0b7eb6b3044976d440098d,0,0xa1843170d7b5e1209bfc404c7ac68e5de1ed3e594a4008abaefbd7520284ec14,73230,533206,533206,0xb86a36e3e0d2e8132f5798119148edef957e1912,0x45c8dada94a0fed40d9b12c8d412db0289a67e503ce96704548b74fa1fc2e10f,,1185009799021,,,,
0xd9321d39baabf5f994ac184157c402b5de6ffa6a710d93f9a2a7d16436c62445,0,0x26afbf5b3c2766a4d8db753f187cba385c7da121d3c93285e9da959f226aae9e,73375,533206,533206,0xdf595d10e76effabb38fb3ddfaf89a4bd50acf0f,0xaade40d7fdca81afd1a23ae86608e5cef7d469134ca76100dc7373d680c97059,,1137078871032,,,,
0x48aaf2938ca3413f2ae17e9d02073378b16e3483fce64739d6817db3ebc28dac,0,0xbd30c56f69ba92aaa71bc1518bfbffb9d233b0d58c7f23f91dba1dfb99793823,73386,267886,267886,0x263b56fc1e2ccee1c5ae751dccf0a2fd6b400b8c,0xe0ce46addb2866adff33de81be6b952362536c42312b69e7d9c2bace81513d0e,,55928142749,,,,
0x8250540dc099527f760c6f0a6d8841c23899e412b3f2030a174c62e7f5e32743,1,0xe318a48f53210593012566bd23de0e5b9af797b9d26f95826c171d305abd189e,73401,289542,267886,0x8f41cc0d0af401e9bea4ba12c58697affd826722,0x888585ae9734068ae87bf5788a1e6b236f2c8755a833e52a86bc11de5dd8810d,,59367381503,,,,
0xec0c3d532c23b382609d3de306ed5b8ae839b90f9727eafab3e0b6fe6adaed8b,0,0x0eb532617e0581d561c5c67d737d814c53e495d1c2712bd0cdb0d99cf538c838,73428,107098,107098,0x11fe5f00cb9c5de83c13f3b520900d665927fc39,0xc1bb41f79242829a69a17f54e4e6bcd31d0d9d840057a1141b5a94b94bed730b,,55474213215,,,,
0xd05a7eee3ea4ef8ffbe4aa813f5a8ebab3806c8f5ebe0c5b29a3cfd775636288,0,0xdd3e4ebf0b938ffc363fd7ab4893b4f9ca9694ec2c02be9c161de5cb41c9316e,73492,206316,206316,0xe466eca6595d51ab6126ca948145a029baa522e0,0xd5cfd637a577afe8495724d330d6bdd042affd72b307cac06d7121d323ed6fa7,,54584505259,,,,
0xbd7631b5968819bde519bc5a23c850e1a612b3c97d724fbbc2503a624a108448,0,0x56b7ac13fb7de8aab2f3b9ab2ae5ab8a39d7b66aec13b79444e9ec526109ea42,73526,206316,206316,0x91601cbab0bd60a0bc314a409da5070f135bec6e,0x0a33ada3dcb43d6251dc4d111f43a5b9ca2b2ee1682fc0e290185e36ec87b26a,,58758047071,,,,
0xe233b6812a494b74f20c14f764bc0e34bb686fdd452e809ea5cfb2e8383be421,0,0x3469dcc94fcb424f1c2abc7d5e7363f6461b57d4994b863bdc82ae9d3ab53e47,73529,267886,267886,0x1c523996cb7cb5b0a4a48d8097e45093626b23f0,0x6631e898cede11b7d8fb7e25397285277db68c656c5ec56cdae676c82a8ffc3a,,60065009950,,,,
0xf56b51dc2454c67c6ff80bf518e5c74ca33191f8fcb28d7ca56247cc9f1cdacf,0,0xf1458158096b28600105a8950ecaf2ad71900bc3664c5c4760e3ddbf0c077343,73713,204720,204720,0x465b83e4b4c0294bf6d374d4733b95bb150bd21c,0xe65e1bf6488161556ed6a18ad7de031966f19e945067a6a0b11ba2a26ace0f1a,,54502037696,,,,
0x944ced0981219449d53ca9a9c695acc50d3bfbebf205a9c32591727cc1e8998d,0,0x681c546a8faf30bcf4e4a73b83999b4d999fbb70ee26aa2d2055e478b9a79af5,74277,564697,564697,0x88a91fd7fb8aaea8cdad2c990f1dbdcd28022a02,0x0cd61661fce19bf4d6cb09fd41bbdc5facc7e59e4538817ef5ce1d95dc3230e1,,1158719309287,,,,
0x7f77fd2974d4872e4e8179542c557aad1567d0281947d6a77a6963ddddba402f,0,0x3c4a856a33e2eaee72e1df778ae1d6d842909b9ec6957d2156e6928548520c6c,74739,37154,37154,0x417705f7e5dba87c3db5ce00295027ae27bcae0f,0xccbe2d016f5b08773ead877c71149acff8a5da409945d62f3d0518bcca025c3a,,1188050070043,,,,
0x6baf024207e23336bb11819e4ffb69561fd1fb597546a1b481e2bbfe1179ff55,0,0x334fb6d0e795351df56247b032e0a662226be546891aef82fff93ead3bf687a7,74814,277454,277454,0x5548e21695f8f5e4edbcd8abc2de0924c718daca,0x5b3211842449826fa9e761fdcb5112c6b304e41b5355157756fee7306c729c54,,57343859844,,,,
0x4a1315e93649ab14ce0a0d4c6e9d15ff711e5b16e5c3e885753add2e7bca9b24,0,0x4b2474d1e4757c417fc85f27fad9febf1583bc882048d1c59494b9219ac35a44,74817,599637,599637,0xc4c51de1abf5d60dbd329ec0f999fd8f021ae9fc,0xd76d3d33c9c1a18728a53de39f7f499e429b379c72ec8a8213d19fb3fc2b4c39,,1093604188844,,,,
0x7722e4002d56649751dfcfcc39253601139fcf466e1caa6a0e4ab598ca4735a2,1,0x0b9930041d74c5ac8464e851bbb62d33a658606e80128b2b41fa3621cc52d672,74909,702089,590300,0x93d38e72c5281e78f6b364eacac6fa907ecba164,0x54cca05f24393a92d569eb3ab1eb3dd9072d618fdeb67988ce87394461fadb01,,1128747597380,,,,
0xc954797d775563a3ca45cf8f1fb5caea7f0d082fbf4e71bdb0739a256d327b70,0,0x9a0d6f3a09d1a7ee6f2acb8f0e7f81b385fa4e8134bfb32c420987c6e16d6635,74917,798207,798207,0x96d76ae3397b52d9f61215270df65d72358709e3,0x92ee0906fbec208f01e900b164458e4a69bc8800741bc7ae2c3d6aac3d80cfdd,,50000000000,,,,
0xe3d8ba1c62818c7d259e1b827303215d4fa39fbcef8664524634e165dbff1e29,0,0x904c2966b147bef15b140e60d41b6ba6c705dc19318ae0fed64f6f76ca48eeaf,75008,589063,589063,0xd79b4c6791784184e2755b2fc1659eaab0f80456,0x4ca02a74b1cdc1f14ac8b6c3a504199626fa3f6687be61a80713c5a6e846d256,,1181294223525,,,,
0xbf49d37c1e1183eb30df7a65a150890a1e18f3ba0ebd024f453b78cc3156d64a,0,0x229647cc5146306f8a7bdc02428116f580a8c64f394bc75eae0bf8baf79766dd,75491,439147,439147,0xc7413a0ccfbd4010968850c815a2d7cb0de2bc6c,0x8f073a6a5b86598d53d9e5076b7c5bfb035df8c0ad8bf5839fa71ce12f25a2c6,,56698446088,,,,
0xe7da9ea3bbc66f2132cfeb86e995e7681ddbfab444c9cc0814aaa37ee3c06316,0,0x3edaad3815a2913d1eb2ef8a66ec930397b2b205d6ca07ed3f1a87ed137132d2,75563,541145,541145,0x7f751820be4b1e44464268c425af6095995e045a,0x0b38048e08bddeeeffc787e8ed20e686f0067b878de89bc98ada6c47db40ced4,,57689802319,,,,
0x22a876e8958a6a1905aaa743eaef9c2ab4a832f949bc556e458b399e202279b6,0,0x9e77d34037cc9c13678160cfa9a5c4938253761194eb15e20b2024077f751bc0,75971,636413,636413,0x35e57f2b08596f1946ecd9d31975ec3c2d7e1c1d,0x59b74937764083491c02303cede6798488d20bb36e395f5d323180abbb7546d8,,58039008293,,,,
0x72cc928256e5eb980bb28bbd8298c83039dc26f3c782d7c20c170f9b4b90f1a9,1,0xc0c0c2ebaf644441112502dab879b82354f87795953ea164a26f23118b92f039,76002,858640,837028,0xcb4bb078edaae9393c8da27b809aa9c0f4c920b7,0x29a517419263dbdb8f511f9f97394eb43364a80533f73bf1ff7d4a134a8d9147,,56861651514,,,,
0xca0a6febe18ce25e13e7b2dd4ad496613cf55da7a873988f0abd3247d023056c,1,0xef9ebde878cd6b2fa2142d94e1f7c4933153368efb6ebf001afce5c253981ab5,76159,229707,208707,0xe37673a8e0aaa536828f0d5b0ddba12fece1115c,0x8c0d94a9185f3ae32e4fe54c14810a0d8965aeb7571480441d53ab5e8af50fe3,,100000000000,,,,
0x5cb8895a1255129e38dc16623958dd085d8ca60a50354bee77784692024ffdda,0,0xd7e182bc8e7a1ed6c87aa104862127b85bd290603049e0c4692830ca3174dc42,76161,504074,504074,0x258c09146b7a28dde8d3e230030e27643f91115f,0xfe8ea563af7485611c7eabc3edebda4a178eba4f594463899002f33568382acd,,100000000000,,,,
0xe480e592aea70c1328461a828fc449111dcb7b50b14e9f93c2f689ff264aa9e0,0,0x784647d87f667ade924b3ce58e4eaaff116cae0990379801957dd4c16c288998,76163,1064482,1064482,0xdb7c577b93baeb56dab50af4d6f86f99a06b96a2,0x34651dfcdbc696ae48328f132390d3a74beb5429be3fb6354657610fe967357e,,100000000000,,,,
0xc9f378d160ea94f514a1c166c7221930f6492e7f53055e1c19e51a631cda2bca,0,0x7ade1efc406fa9106675c28f56050e2e1cc9fbfe1ba08598c475b668c8dd7a29,76165,144997,144997,0x33ca8b5377c9776eb59863fb63814dc00a5cb10d,0xd79dcb593dbb17ac312eb120b811112d1e99396d6a3e223e4679d0b839549503,,100000000000,,,,
0x2813d711309b4188a696b27478d9bf98c107c506d78b5a791fb8bfb106834c2b,0,0x297e2bb62e423aee1efeadbc612b21eb1f8513cf1cb04a9b479c1ce4df48d454,76425,54067,54067,0x6837afb9e9fc1a908f9ce54756d3dba55a87ea27,0xc1df44acc056d32a3e2af7a94a853ad00b33253e88a36dc07f53eccf7add86b0,,55030666693,,,,
0x30a52d90875ff1412388f6341c8530cc6e42ead9cb7e1bc67bbadd151f219d47,0,0x5fef8c3b0dcf411f1966b31923de1e8f1724ca0ebec3c6c3ba35c7db2a856ea5,76967,2763164,2763164,0xa236078f02627205b2e3bdea8dba2e9d150113d3,0x675d4b128b2c7521fd40182f9364bd6f90405cfbaa983c81064b2380b422447f,,65000000000,,,,
0x9e5828e960eea1c3dbdbd5383692f04514963cc8baf96860a45166561186afa8,0,0xba031b7bb14d9386bb4812d2f37311a43469a7fccce69024932fd4a849f2fe05,77186,174668,174668,0x3c2769fff8f525b64d2dd974e17aa50f9e9abc0a,0xa60cb3ce711202a111fe970fe130377ec3f35f1d02616a1a3484778842a7bfc5,,57454006723,,,,
0xb22a4d864eb51d0b13e08aab48cfbe61efda127070dc731f82f385a617bfb2b2,0,0xd586a2904c7ed59b3493f5ffd23c3a435ea22e80f1bee4d7705fca6f29d41401,77949,238556,238556,0x93eea62c088759fd22ebc15a6f9645672d3a9265,0x88a544492c89526b9d927b4765d50be71973ced9c8ab612ab2bd22448eab81c1,,56861651514,,,,
0x320b1720f3b87180f94874d468c0cf2aafb0f3136e33a18c4cbb9fe29724d473,0,0x3aecb3d26c363dc7ead40d8f420e46d11736657b43c08d7ebfc279fcab5e7a08,77980,264939,264939,0x94cfdec548de92301735dc0b82d8e1f79404ff94,0xad8fc1a0c1029348f4a83569dbcec4295f8573a36298b7e0ff3709af98b940ab,,57357776971,,,,
0x0c16e40057105ff6f5503aeb101e7f62776b39ccf256566657efcc9638bb6b1c,0,0xc87c438896e581314b352c22144c42eece6dc50f5d0ab4ca1a64aff29483c3ba,78001,264939,264939,0xd29dfe5ae95b5c067a91f472dac0d9be6700a4a9,0x0f980ed16fc22c32324fbe99bf32c730bf83cdc84f13b89cac7d5fd8feaab3a9,,57204156674,,,,
0x51ef4b800b18beccec04777d7d57bb237b1144c8a314c4f8674b002bed7e1afb,0,0xc65c99a7f65e9cd5265352ff02c1ce7120c821ffd45e57719d832fdbf8f52dda,78229,113679,113679,0x85cb4fab90bf67e2593891cbe75385eff0067188,0x5268cbcff723688d63df62a5d9b7808b471a60b2993e18f12309436a081c43b1,,60385819404,,,,
0x690d4e3dc91ee01917adbe1e4bb03f82ce2e8d553d7c7b3ec4e66e5f7ad54688,0,0x269ce7f996ada7af90080c96e02d02da347eca2c8c31dfa0b5b549869dfb960f,78241,113679,113679,0xc250a22436cdfbe47c0b8ca32a5834932964d1cb,0x1ed02522dd20c9242c36373460c44c34af2c8f895b500f371d4a2dbb2650abdc,,59192518957,,,,
0x2f91ae1931e13713ac45e811039b27eca87b692d5cb1044541931076aac646e7,0,0xf4c93bf824584ddc657a14962248e62b9207369fda75dbfcd3c65768b76a387f,78255,390305,390305,0x9611d9df6a56e3708f2093f08095f33922b59c4a,0x22924246829c1ce26b2e4f62335131348487588ad5c8ec7e8b828957eaa63e1e,,59031440701,,,,
0xf2daf22a4f87a388b9ff88123d70d85c8663f1d7ac42e2e3dfd97abe38648f6e,0,0x7fdde038b47485752866b3eb17646a6a7f9b0b04bc86317459dbb0265b4df4b4,50466,203965,203965,0x1392a4f1642c22bc6e3380bb156193e790770c35,0x5f7fcf8018cccc3d33cac44fa9d3a1408f3afae799d054e0a8eadf6e387d785e,,58829398343,,,,
0xbb8d9e2262cd2d93d9bf7854d35f8e016dd985e7b3eb715d0d7faf7290a0ff4d,1,0x50bc252c171eedfde3a2cb280616c5c42de3698eb5aa693002e46e5a812a4ff7,50500,191663,170051,0xc076cf70c54c698d4442cde1561452564fa339a5,0xe4c8298480ed42c238c50f992eb9da11ffcb1f9a42c05a992c4574f895bf3f3e,,50000000000,,,,
0xceb87a06673e2465b530b58fcac9cacd9ffb56c092df6dfe86953ea1951b8ead,0,0xa41600ba3892b928015fae92df6c9245cf42054d4886726643e12c0241d0fc7d,50797,47921,47921,0x61a9c3ee0fdc982630ccb79ffb53f277bc545606,0x50cabc2787bfbdfdecc96cd247b8adb8dba1777deb425606aa865d91e529d9cc,,1097447927512,,,,
0xf20d51a6d07ff4e1f32f082d84e8cf19589158d25def9f7bad189c56758593e1,1,0x8d7ae6af61bfbf43f56bb7346ec3900370fef7eae2d4d2cd3c5d5bc36246eaee,51112,60273,39273,0x58828dc80663a0f3d4ba2dcaff1c4fdffb88d96a,0xa5a74ec142a231059b2e07a2dd5dc54a03e2ce9aa05ab2bff36280b5703a9f69,,1162788356007,,,,
0xbfc8978b8f5dd9b5de292620d31a904b870114c459233e664e4e40f7b334f78a,0,0x057e924327b3d8534a264c140a6e17b3b3639f146488434fc51524d1426f3642,51128,93873,93873,0x8bbf81e9a8e936242354047c9905d621e269c7f7,0xa4402ead19f99a6f58efd570bd246c66330b9dce631f2f67067bf20fa4964747,,1094956131184,,,,
0x37f9d72b97288089fdba415b947153e6f7b7daab1034e38cab8bd4e539e8711b,0,0xf86294a4319cf68c78e7bf2738778865dc490b57458012a0bae24a3566dcf956,51245,203965,203965,0xf436ceba3850bd3b0e853b018212d6fc2b6267d0,0x1c044e468adf2b5c1710100c3a8367fd3b2d929ce37e779ffe3d3d17e18cb318,,57645264965,,,,
0xd064cb23bc28e3a233d40deadfc7580d71cd7eef707cd1dbf7eedf03b020b85d,0,0xf3d12bead89cfb487c691461e2052fb2714208bc1ecb1c09e831977af9cacc85,51291,80149,80149,0xd94badbec21695b7a36abcb979efad0108319d18,0x70207220bfdf19dd5261a045da357c311c2d0f52054418a05b178c865ec3b8f9,,1138028402830,,,,
0xf18ca6c25eafb634dac8256abe8bb2257f5ad2a1437221c22cbb6b870f97a9a7,0,0xc39db6328591c3844b6849f04d656368e9f15219d5f799c2c5fb3ca4e51637ce,51807,779965,779965,0x5564886ca2c518d1964e5fcea4f423b41db9f561,0x238ad718c6ee3bf400f2a02a8e7115ff62d1e6b4a3999739ceca191eeb7be857,,56861651514,,,,
0x60d2a087adb42b3f59590026e9717310ae8b6d3dd349ed92ca8330d9eeebd767,0,0x30da7221d8ab0e1568a5d18ef2f34c0e49a30b9fcb118986bbe55ede4700716a,51909,221184,221184,0x412fda7643b37d436cb40628f6dbbb80a07267ed,0xcf98860984894ef07987d104537d97c90625ad556b77d0d5e7651ded237968a8,,54568781392,,,,
0x0e6e3cae0fba5b57e7803b93fa0d5c37a6c7c00476cbe5100aea4154acc222b7,0,0x755c880bf6cc2e1884f92bc7434794aa7016c2a582637794b71d4afb62106179,52313,250262,250262,0x9018e2967c15e1faed9b5d6439522f075535a683,0x1f09d0f1be9baa50f810b760e03b80f1e835b38624cc2acfe39fe02355a83660,,57358546259,,,,
0xe1a133428b28de4b63410f6ebaddbe499de6ae5c7e0f55d60c142b20f66ba861,0,0x3f8893f6e26d5ac3539f8f4e4f9950f0a152f6fbd5ec766266738363ec3fe613,52426,202247,202247,0xa1a111bc074c9cfa781f0c38e63bd51c91b8af00,0xee290b55d2025698cc6f12cd8cc0752537b090a9213abb1285872377de20037a,,50000000000,,,,
0x4e145121a6a8d8d6c8ad3bb2d7a723500b4c5254abd70dd21e1d86d44071e5c0,0,0x1d837c1504cecf2c3e4e2dd35fd74401573384c5c2219d3648e6356adbdb7846,52444,243054,243054,0xda0c1c188213f92dd32b44796b4313ae267a68eb,0xdc9d38c832f173725d02ca7f61bb2f07d08b2a18e6ff0131b2d92b2a5efe6423,,59902036566,,,,
0xdabd7c1de0c70950eac907b2676fb347eb8b8f08154c7f243b2d24545bf680ad,0,0xea843769ebd2018e099afe0e652edc26031e6f3d41bdec3ba8ac4db8bff7d00f,52830,267000,267000,0xe727bba699fbe82a731dad9476b5234d0038cfa1,0x213e66b9b196aa672c9a06cd52b596cb54ad1aef55bb28096e82f95140a35b44,,1155189618900,,,,
0x89d065aa392f30ef639b4d506c3923c6a96315b2edfbe9f7fe4960d77904448c,0,0x8da251cb7820dbc60b9a1fd1b28688eae8ad8a7077a4a7bb6a2415e4260fb2af,52918,238875,238875,0x7717efe25b65c8c0fcb97a170b086c17b025a1e1,0xec692c66cdb208538c8095927dec581717004de6bf1789d66cbd920220426fb7,,1102163578715,,,,
0x427e341b43f13afde572fac5adc343b647a64d02aa9818e1007f8a9becddb0d3,0,0x3e9d0c662c52c81211be4b4a72e07097f586f60d75c400f78de295a34626d78e,52970,214109,214109,0xce44c75d3c2864421df2a1d2f068d8da8375f579,0x3671b000274ccf8a923b6a58b0e18116992118954b901a55fec608c72c531df8,,57344586579,,,,
0x1426dbae0f164647019c08b8199bbfa90d81357df526fa36761f68dd45a96d1c,0,0x2fa6f03c71ea403da29c835c5ab6001d95d9768ca99e2b6ab26917a7a593ca42,53051,177016,177016,0x3c401b518252abe3bbbf898a44939699e7da1634,0x503e4ea629a5b947f539ad53c3c0408b58bcb7fd4cea1887aa2bbd834f4c661b,,1121149748033,,,,
0x3dfab2d8a2dce564547373617caa05c1f0fe1c2d2db152f78e20e5d81956fdef,0,0x11964c2b3f5365f9241bbca64735acf0043edacae4d86178b55d34b745640360,53054,177016,177016,0x33e98638ea7f2c2fd83731528fb53802af395d13,0xc59d0102c4ee1decd3d88f25fd77f2185468d148c5c8d4aab79c382c22fa777e,,1218434028422,,,,
0x29f7f049b65fa86c60e789f066a089041c21f5f65a6f16bc9f779032478c7884,0,0x522b5298d477ebecb8d7daf1123b7d3d456c88403dd4930fb09ce65b856b81fd,53108,388422,388422,0xdc884e349103eaee4aef913d532cb5db2745f48b,0xe938b0a0ad1cf4e1aaf759985e45973217b1542398035c3f340afb2354549e61,,58415003149,,,,
0xca7a51f17d6638692cecd0c75382fc226fa6332f2259d9a0f1ef3a6d30ca73dd,0,0x5c151c4293d3ffc8d987bcaafc0be04d3e6f53361c19baf2716f989fe669d0a6,53212,432685,432685,0x18991fc52465c9cb2ca762947e855beb2ddfff72,0x2d836f0e5d6040aba3ae137b2c8759fdbd5592eadfdec2c12c9e4d45771e444f,,56812275478,,,,
0xa13705d6ea905431caeb62c33d9a08ec83cc8557a33316a9612f6cf523dabfcb,1,0x46abe36dc019d0f1be87469851f015b4bf1cc19b733cf20ea8d69cfcf0fbdba7,53573,159903,138903,0xd2eccde805e888ae37646544d60185b842ff3d6b,0xee977f84c705cba286cbee627c7bbdba162bed83dc20b59d33f52dc867b33698,,56802107402,,,,
0x9c81f44c29ff0226f835cd0a8a2f2a7eca6db52a711f8211b566fd15d3e0e8d4,0,0xd3cabad6adab0b52eb632c386ea194036805713682c62cb589b5abcd76de2159,54092,1436963,1436963,0xde0b295669a9fd93d5f28d9ec85e40f4cb697bae,0x1a47682428b047bbb5bd37ba5e33a7822872853b94e3262cb0703ee536f9ad3b,,10000000000000,,,,
0x2740e6ca150ccd0d3a564f12776d990d7bb13a0f280aee9b413b31b126d807cc,0,0xa0b9659fb26fdb8e670880a660552820062fdb397719e399637045076e008041,54126,68369,68369,0x4fb5acbe16ffdda225cb14c64aa84c7e253b08ae,0x9dca701888bf8ed2ebe6a186f5640d8d5f8926904644761e99b77fbd7987753b,,1141177915839,,,,
0x6596a0fd8da948de9a5f5d78f69997cc92dce0262c8366cd9b505d9e894465b5,0,0xeeee88a61769403d58219b7f4c8f92f7fdfee86c24cd3017af1f05e7c8dfae66,54180,492325,492325,0x5fc8aefc86884f0792995c015ff12647fafa0d83,0xb0c5cbb648d66a466d760f3642b61b5e3d38c708ec68216aca24f7884b341692,,56680069964,,,,
0xaf6cd7e03674b4ef4bd6f56832a181f29dd46dc65f671ef061a4f737cf7555c2,2,0x6bfeca5b0e7f9564b4df81a049f09842d2c9a2fab625bf97f75fea1ed89b8871,54213,727578,685578,0x4ab02026c081f6be9c31ebe76963cbd723f9d97d,0x227dd3fe08be1b53eb22b7293c7ba1d3029f8740f1eed6b7137fd3e0e1619aa2,,56861651514,,,,
0xf94c3cf181a5c3dcea9dab2b94bc79a579c169f4cd113d33550ba79182b3fcaf,1,0x9acdf4c74eca0cb7cb04440765d4922af65a45851adddc4fb4bfd2b1db058d75,54254,913657,413657,0x97b29a4a9087f7da2a9bb06aca8f7be7d67c3532,0x511ac8345dd8e8aa10a47c72a8ff9c608256286e194b0c3a4c4531190d82eb89,,57768125940,,,,
0x12945faff5df252934cfbc25353dbecf2175b5017a3990bb764b44b7cc763547,0,0xa97c022682825f25dc54af438b2032dda08b517e0f1ae25527247c90c43b6d87,54300,221184,221184,0x506f4b138e30f4ed0b9511d4d676eaaeca466983,0xa615aa18637a92c778ca88983788caa6edcaee08cd771ddf5e154edc915db67c,,59284822617,,,,
0x8d201300f015e312ce2525f1576f0599b803949860dab8c1e55f6f3c6f880b24,0,0x56d0f32b35c34b9f43a385478ddfd438fdd14da4076d4195e535a60e796bb4b5,54304,397668,397668,0xd51ead1daa49bf10cf495430b8826780966130ef,0x54b6244f0f6549eb4b550a9cab91274fb0daca4fdfbed7e329438c9223763431,,58907244860,,,,
0xd1324021689838fa240c3ba16c5896d72c090cae4ed71b92f3ec7dcd84bf7d0b,0,0xf6854f9a2d5f596addad9ca22808273510470f06a02776408294c1f217e33f17,54329,340017,340017,0x59622442b567187157b85d6928a6c56e1e0841ca,0x92e59313967fb2f6504013bd5820f4ee8fd93e0ac4bb06ffd6eca750567fa601,,56919548796,,,,
0xedd0980806a560639c9f645cf3d6726cae78047dabfd79d7be8e049785ac684c,0,0x915d00a94ce69a23bd5e989c27797bdc1b36daf66fe038fc1d65c7d738bbb11e,54347,340017,340017,0xb9371963069cee6df7d153a9e6b45fc90cb6743b,0xfa00e8d848e082e0850d7410f493f8a4110793a005ef2eb9ebef2d87eeb4df3e,,58938431076,,,,
0x2e818a4b9d03db001aee038e509f992e0ec9a48fc52f5cf8da596b15b17849cd,0,0x8aaf08c18c334c120cfc57d53fea09a53effcbfc0637344ded0e72cd287c3919,54357,384180,384180,0xba41af292f5c5edcc019f5ec41ac03752e4eb0e1,0xe53d594416d113e7ecdf61baf8f7dc1e933efab924ace200e4f8779076baf8ce,,60194518342,,,,
0x80cfe6ad0f66cd755f41d2780c5ee3f879268d80de0171ce1b5597d372162d37,1,0x42b8f795551cf0fb5c73e9461f1b9d8109c2c833d11f80e251e37b336c255107,54372,442801,421801,0x839333261d34dbf8d3bac21e8237252249d38dea,0xa58a26d5756e48e32575ee01abb2d3f99f1964accc226a4c2a394097db060743,,56712893268,,,,
0xde1a62249ebc6b3b98036ab0b2b070452bcf514d34aa92849547b5cb5e23feb0,0,0x9992118d74199f768dab76d054fef21569ab9526843db887d4be6b2c1578dca7,54384,422069,422069,0xbca021a5b83ef3109acf4858f1d0e36f5ad15306,0x89c21c0a8d42faccfeb27c029f62e60e8bb5d4f7a5478cf30195c9d37299b6c6,,55965485268,,,,
0x484db0ce4b4a96f32bf78f2e60503b378ac23355723f09a83e874d5b8bc23798,0,0xe03bdad3580c74c52731cebd9ab4c94b446c3d9354885b463f6b20b456b736ea,54537,177016,177016,0xe9712e9d4635f4c6937e9982a1596c64f0968a4c,0xe12d2dd8c1fd13453ab13e423004c25cba68e80cc86bd3e4983ad64351f3fcc6,,1168449680139,,,,
0xb27e4512d793714216d3754807930cb1bd9457e264e281b3a6087ac7d23ddaf9,1,0xb2441631096750d4b5666266f0fa6b279a2650d95256d9784f98baad31adb521,54564,350358,329358,0xb72ced50dcd6c8a146a4f009f323151087f86e3b,0x9ecbc7991c5b7e6c9333a492d52a7d514cd3194e2053c46ebc890a0be278da64,,55225451003,,,,
0x87c49538eab70a58476f5379256b7cec90096ee828a868f4de865fcf56352307,0,0xd5d7b28a6bcbd46dfabc0c413d2b1b2a7bc9859f3506ad3597f32e2cfb108e03,54577,177016,177016,0xdff42ad7ef3dd8e8dc5e677a724f509790a4ec5e,0x918c2022332f4f77f5103abcdfe208c085b78dadf06a604454928319bd364233,,1201106731921,,,,
0x13b3abdc344e82f4191fae0acc7688e4f74ecd53a153c9c319f8d832265af403,0,0xe62ac8429551b588002ab50f59707e8259a0584f8390f8099675922fd97c7982,54593,177016,177016,0x98f47873a6b1558ec558f1ba3bc2546966d7e0ba,0x4cab6b51756ada1ec5061ea5c7fdbf0417779eef9215a4c4e708cab878c6531a,,1134434894000,,,,
0xc3626687a996e0cbe18241ac7918f9856d56af5a2a320e55d825f93f472c5b4d,0,0x5d30d99c924d73890bf654b439611f9df2d17127acbdd6d72f9c1781cab5bd69,54642,676292,676292,0xd4eae4ae8565f3ecf218191fb267941d98a2c77a,0x182f97d0b3d331aa34ace264f6db3f89326b39424e6c364372d961e9cd221ba3,,1137244815427,,,,
0x47c46362891bc8c7127c3ca1816e975b096df4aaccccc67e27fda0042ee15282,0,0xe79b6d48a541e1e9574dc1dbb2f3488883c7f32b9272dd52daa1da914199d093,54675,77829,77829,0x096b7382500fa11c22c54c0422c5e38899a2e933,0xb5b9b3677e342110ac6b5e2ca5843a35f1cd4997f01fdcd3df3363bb323ca4a4,,1125755047049,,,,
0xd28fb67bec876e37430ab70c913cc2e8dfc7e7d59a87012e257a2fed7d4acf15,0,0x8c12b1194e6910f282098d62700852f7c879a69bd447efe3537f045b2d6c0d49,54886,454418,454418,0x399dfaf3935523475e69df74ee1675709115c189,0x8458d2dbdccec797896e4f35bdb4405c08d4d1f567ea9012bbe9b9b0e7937271,,59793789863,,,,
0x5118b7458a6d96b27a37e91dd5f789444dd545787c30de4f448f861feeea7fe1,1,0xc891e11f44132413ec1ebfb579a0a7a51cb73adc66c3abc812d63308f744fccc,54906,458305,437305,0xd5e9b97a4ea7df470b01eff3e35e74b4753b2be9,0x40eddef632e9d021a8f9d92ec7dced6c63df4984f0d32461372dc3594255db5f,,59372474429,,,,
0x5e59ddb49e72e79d84c5fa5d801df0fb8b2c64a32b4c914aaf3979514d37c31a,1,0xc762be4fc5ebd97a3e2af045fc563189a9bbc67dc843585b4d9f42fe2913a3c0,54913,347142,326142,0xf6bf0ee51fe0ee92500bb22295382e9241ec3b5c,0x6402745943f2a0a0a49b565e5a068f30e8898d9afeb3dbfc15cbdbc9a962a1a7,,54863055682,,,,
0x764bca1c76a2ea5d0fa9302322ae8b112dabf149c8c9e0745969ad0ef7c1db67,1,0xdbcd7e79e9b2436c86df96fe6da5d6f0b193a09751c460d6d908dc083628fa4a,54931,445027,424027,0x1e918dddfaf23688efd884e60f0d13cf04b422c1,0xc9c7c8f02420690d2bc992a935c7994b417a3e969d18116c85df7037d7741404,,57596543270,,,,
0x357bd0dabf362fc5f14c80fbc7d13a8fce1b36d0e348bdd9c74172d02e8e12db,0,0xcf78f681ad09c0d4496ce29a4a8cdd6658638414056eeade5a5d0ae2311d78ce,54949,1780062,1780062,0xb0df134583628499f449aa9afe9015e24a6e3187,0x079a4f806c071f577c28bdee2e1c07a1922bbcdc0bb3bcb87b217ca7c7813376,,59773823316,,,,
0xccc51f30689646af857a2408e96f3d14f6c8ff95059b43761f5397bf5eb50c8d,1,0x4509e5998d75256c1f2b30c03b8208e226b85e2c2bf35237421bd44ad88c44e4,54950,443069,422069,0xa546d23a22453ae3dfdc57fe02455a87c0d3c75a,0xa8ee15362326927e862a5430d9d2c8f1b8011a8f702515e4efd575c2751c33fe,,58644857189,,,,
0x9ecc9482e5ce1616b6a71ea6b7434d53418836c53a1176b27873c7f7190fc599,0,0x6fd65c183c25067ca82d572f54811803ff6588bea087a59f725f5c32da63daa7,54969,440935,440935,0x3a2c6e618b72f2047f5be10570582d41840b8e78,0xeab10cdf7bad230e356ba1595391617b1429f00b506f410ccf45648bf951a044,,60155829566,,,,
0x149d9e71d3f367e8e0666b33ccd0559a54936621e6292ef15c215bd8c41b1943,0,0x71f9a14a99c4a991dc3732d892488517377ed41449143220584795db76b67bb3,55101,221184,221184,0x1131589d72900dbe3439aebe5e15a1df4672fa8a,0xd3733e3c773a0dd4052585f6c06bd869fbd6609d7b1ad1dae47ddc5d994bcab4,,56437379810,,,,
0xa3856723ba6a0bf8a0c2f8e00f021d31262bf1b1006b9846c9fcc64d4b9fcd83,0,0x1961416638cf6b354be48c4d4e274ebe8c78d3f7d22d02baa6c3be2c79d3f6de,55142,184344,184344,0xd38c7bfc3cf7457241b62cc9f922f455c286a1b3,0xbc6ca9947ce29ffc9e789277b280af4e493740441a8efd7a0f0921c995eac145,,59068289350,,,,
0x551caf88ac741e54b987bad754a791cb9d4ff2c760df0f14658508490bba1cea,1,0x23f3615a4985532971c55fb70cf71c3a43eae14614e0ece8fe425dd6e94d7a46,55189,272160,251160,0x7320f8461bbc8104c677fec0429cc0d963a5ac40,0xb2bbe466c41b112dfc8e587ecd1707261453a018922266e6be1bef50286f5fd8,,70923592229,,,,
0x4494215d70cbbda8233debfdf2864db0dc2a906608076d566605f3213a7dfdd2,0,0xf1ba2cb7380b742f4b14c8db182b1c5bf74b5c725af489732af27d2669f9742e,55199,243310,243310,0x838e90a2f735276d8c7824c3858b7ceb3aa6b110,0x7683fe9694a24e5b666bf7a152201be88d6e281d05f9d85f98d90cdbb86ffb18,,68548539303,,,,
0x1b681b6b30c6a309704f799dbace86693f889b9ae784419ba348be8fec467be8,0,0xb767f57c6d61b82357484741ace0de8d485e3ec0208948e2c1ef8f0255c479d4,55260,624577,624577,0x6517102217a362f2506ed0c137c716f629b1b222,0x21905d98f25283e7786300587ed88d812520c1e4d3b7831a35242d36a0390a88,,60078933873,,,,
0x5fef86d27b2391cd5629852a8a743558e86455fad8dcf95dfad10fd40e22ebda,0,0xd6523843c444854415b9202e4ac275907e663dbee53ee1c4be0a8f9eeb2fef7b,55290,430995,430995,0xc3858ea3c634691143aee216f3e832db9165889a,0x0c31be265b9d7873dc1d0f445fd43ac4f859b7d2288c01133e626b9e0f856abb,,55075272897,,,,
0xf968cd78c874a57335293afd3d3987aa3260063a3b80c85b62b3074abd89af55,0,0x1bd9c54dd9d8d5801bef51e04d8869c237554fcf44ae4eab169b07f2157c6ae7,55345,90000,90000,0x8200b7230d552862942875355f71fe4617e814d6,0x53136fbc9248e2e3f02a83961f7c72fcd84509d2d1c127326fd08da13f90fe09,,1152160252358,,,,
0x852120931ae5fd6058b802411be4b9c60c6ec815dc55a7b821454a107bcd22d3,1,0x1bd9c54dd9d8d5801bef51e04d8869c237554fcf44ae4eab169b07f2157c6ae7,55345,180000,90000,0x139f75ea7dd0ef5e115ae53e863ccc96dbd9a2f6,0x9420c185734c765e208cf3050eebf39f1159bf9fbf88c8ba0141ca4fdd298586,,1152160252358,,,,
0x9888f1b0d684daa0c5710bf4e8954e549c39708e7520694e4d038a479ed50bf0,0,0x36b2f5d917783b34495a4eab3bae6339d415f1a1d17b45530c9aa5c911af4eeb,55355,90000,90000,0xced179cb113196835dd7f06a036ed2828361154c,0x3a7f79259d1985784470f7f886fcb75b11a9b36a4532a66e96528974b280fd8d,,1137233031302,,,,
0x380892f4ff85c9249ea43df476938cd4f05ea8e9940a336de9f051f3b3d50bfe,0,0x797f37e61c394d721b97adcf3f16d0c53a46207d76ea7a8c0a7ccaaee4281a5c,55365,222336,222336,0x76173df7aceeeb990839dc0c359c4a3ec1e01da7,0x357a3e205a585f858e82222f298db45b4d7ce760754d196e4df0d4bf03bc4118,,58025185771,,,,
0xffa20ca80ecc43071ae2a2b130bfe191f25c8bdcdd928800c0ceeea440448d41,1,0xa2f1b800c826a52749683e2b68d91c940264aa57e4c1382c2be20cd6456d5438,55372,471194,450194,0x28a6216147fcc08e53d062f80394fe52784fa8d9,0x0b2932da91d5822adcf97ac75aa827d5d502942fd39b205bd683117d713383ee,,55924548413,,,,
0x9d31904c2eba03a4b1b822cfecc533e30767c338617e9908d5aef40484e65125,0,0x2503f297346d8cbbde5b626d6e2dd4482b7bc10e5deda59d20124b9fd13eb021,55399,58309,58309,0x78fac3f3e6e6a20d5aa5cafcf56b93e2dce1e99f,0xa41b8c9477e702af203687a0f3738324d719e3ad53b4553b21f8585d1dee4ac7,,57514345997,,,,
0xbd76c56ee0d85eed243fae5257fb09657285b44fad0f3366a027d8beedc8693e,1,0x2503f297346d8cbbde5b626d6e2dd4482b7bc10e5deda59d20124b9fd13eb021,55399,116618,58309,0x29d8438757cb0afed950b484437e6ed849f5cd94,0x4d622feb72ee426e31fbc6013830535403930a9867c0d245715da46a431aff4d,,57514345997,,,,
0x6b1812e97f54a64f9a24572a7d376deaad62dcc5dadcb5cca24b71e648752a55,2,0x2503f297346d8cbbde5b626d6e2dd4482b7bc10e5deda59d20124b9fd13eb021,55399,174927,58309,0xaec076c43acc2e0db807ee4d63bd8d48a24643e4,0x71247a1cd9551706345ff1187a844bb965234a516e434ff682aa66174c0a8237,,57514345997,,,,
0xa8e0a8ba5ff5dca6f8b2af38ee435761f1582dc8e1287d5c3709510b9315afc2,1,0x4440cd02b7c1398c36d9923da04934e8d66569f61626ece0e363d4c96388ee2a,55401,478864,457864,0xe421ecf0fd7e3d4444e811649d2fdc5b6ed4112c,0xa204c9d67e6a53badcaa29a9eaf807da1c31d6138c0578bae3a91a3e20c8eafb,,57478502017,,,,
0x05a9fffeb68f84a82c2f2f756b2d647d78f5c4663478c35c566284817dc7f949,0,0xd01df0b996f66c6cc846d0cbe60189288b0e5945c5441df17b9eb45d0d3b0787,55413,58309,58309,0xbb34947d3e4485c851fc7b3bce7ea4148128a6e5,0x93f82eca70e16dcbcf2835d81ff744a0866c86e90b723542bb12608d78e07530,,55062611556,,,,
0x41e3247c74a98eb330183479f2191ac567de3042c306e5a3e06b22bf17a11430,0,0x7feebb673034f005e5a177ade86665de8ee5ae8a69ba4ce7314d25ca3ff66978,55431,454226,454226,0xf290de524d690e4abda02e3fb6345eeac12999fc,0x79208f12d3c970a1356ed32cadeeeeea83128c2a9a8015972f0592f5c300d3c4,,58206917484,,,,
0x54db661f9c4ff585155d63d22deb96f7c757a876081e335f54a09dfeea186118,2,0x4252e66c6f720a0e80128dad5a04e3b77d141c6166f298cce9331d3a352223f6,55444,516819,456836,0xce6cf9da3cd2ca4d6f7bcd4ee4335232386d8809,0x49f7012b509d9631736ad59ce01d5e0e098b233274bd26690510b4fd9dc27418,,57196489654,,,,
0xbbe585862d24d35f9e246a9b90af58ef923847e2001a0e2991af1ecdba093250,0,0x679795c90f61de2eed82570df712540051583e38803436caa054cc4779bdbc40,55457,481184,481184,0xbdea11d5cb2558a2f25b7b90d54bf1b27e4aaa78,0x524a46e82ecb67562e8389b32c81cca3c21680bb2cf1b530d2a02777c0137ed5,,55374857212,,,,
0xe22e36afef6b538642326702d000768ec3adcef174c0295b4362351153fd2fb5,0,0x16cc0225df480c9b4ece9ace7eb34468d6db8f164210f78086c71a45b5671e6c,55473,432009,432009,0x1686eca4501a2d0bff4bd85b64ea0e158b804c49,0x96f9eca3a2b53004c9b2ff600ff2680aaa62205e7315532fcad388022f6dfc99,,58668592368,,,,
0xbf7a49b48da8c14f154d2ecf631b7372f745946482e1a8b4e438b8d2e141d578,1,0x54595e8aab5695ad71d0fc671fa00016908023df5873d9d2c944b7cc2822c549,55508,91559,69947,0x6c8dda9f172d4601b3c5429321f458b08d5ef84e,0xa0d9406991ee899d6ac847c3d293745e507f4ebe3ab41e692fd4be32ed6d78ce,,57935965411,,,,
0x65309cfc7c7ef9ff0d0981bf010637e755b22a3f13f1813e4049bb9eaebdbfc8,0,0x75a5ffd4275aba8b5ae4323c7094a7f8aaa9afae1d6ae5ef37a4d3bfb62b40d7,55520,457715,457715,0xaa681a1f3237d61283dad56acd7f8d9a1e6adc06,0xbcb3d2fcef3e322b7d4e794e272298793ae4a0911624896ba615d041ef17b185,,54940154991,,,,
0x621e22c902569720e0c641f3b163a3f3a2a5c6520226b79755a9658208d62c3a,0,0x0f514ac0294a42557241ec7ba13e21131ea9ca9e8930584a68d1e231d8af96b6,55563,66999,66999,0x5bd4a6d9fa2080cc31b159686a08669957527b12,0x827acacdf6a35f199321d34672c693aebf40f6dba64bde8f315b3df40897b00b,,57569157794,,,,
0xdbfcd2006dd6f0b779127f2fd9dda8e437023a1798eada92b484caa6cc124cd4,0,0x3504d5614813372f08ab597638ef377b84be5d4c2907ca7a301b2d33b1767705,55627,66999,66999,0xb87824547db80f1fb37d0225b99f1a602f8642ad,0x9bad3e0f05538490d341a5fec339e0522cbc1773be7e086aa5f7db89fba7711b,,57673142719,,,,
0x2a4ed86cacffbac68e2fc4810857b8c80a3cbfb5f455d7f908af280d5da548c2,2,0x8ab2ba1ca12beb142de30931de7f812bedb4e8248a4e6a1f9615b56bb83a7dc3,55701,339511,296899,0x7573aca378b8417623cad233954fde810cad9fb4,0xb646715b6c87d789b92bcfcc1970229faf0f5e3dc09456dc9f416f214a174dd3,,55074231330,,,,
0x8e6d405e458afc68e4632326ae508ea8855c97a3e7e9f5c889d8c820be62a9c7,0,0xf3274ced4a337773dcef0cea3c47ac220706263575b17e67f1bf87acf57fa5a5,55759,177080,177080,0x173926d7ecf7b3508ba7759c2ee536412c53eeec,0x3240123fd79341eb9dbfc6a8fcf3b4ed3d9098f82e061f372b46dc135073910e,,58593325599,,,,
0x8eb1aaf39c00917a942b65dc2d7bfb5dc0b64b4f8dba018a6f72146970e33b76,1,0xb2b82d651f3a44e13f15c54a0e7eb03c6837046995da879a3317e0c77ec268eb,55847,64257,43257,0x0013e723f574bafd47cc1542532cdcd98c1c2989,0x394f13e47e41f4319ffc90c7b2dd91522fac02af25b1e4465033168250741e6e,,57622113337,,,,
0x13c72d9617b8025aae13b320c9921a2dff787169b94460cce61c342c18b5dc16,0,0xd851af874b229177d21fc55bae08fe02e34dd97290d3ad7fa16f37ab3f6862e0,55901,177080,177080,0x634f33e4100880a89d1f3b74b906a49923fc38eb,0xc846843bf5db1051283377bf9aab21e0b87cd9bf33f7166a814d8feeedad2c42,,57419193316,,,,
0x27d92bc20c3d5f524f4e5f2c1bef4bd4439ef9e99147d9aff00d981688c4d456,0,0xff25bd1d4ec11bef226fd6622accb10a58632f97e37c7a1920aef007471a3fb0,55962,177080,177080,0xdbb576b5b0e7bf0570a981aab3ad39a0c5f19eb1,0xb8e1bf4b53c6158b87190b9a55e2408f8853c32e8ec8475efc460e9802a043c8,,58829398343,,,,
0xa15cbd5bf6c1c15d0157f78f43a2a113f722805c34a9f8542f4bbab9ee44ddd3,0,0x47e8a1bc9d116a839688a3115aeee7817584cd6c065a80f06591b4e487121d58,56017,54067,54067,0xa77436621b16912aeb744a1313a071ba6a25a278,0xa81e0b77576b1db20054281058a9007d390671c2bc79bc5e3bbb6e892abf61a0,,56997279054,,,,
0x55a7a11277badcd25db44a842c822badff9a61d5afc04aa5481966ab4c59400a,0,0x0a453eb920c73246d4fab5eb368994a06f6dd3eaff28e4f3b78cb0f1a9893c08,56082,33670,33670,0xb179a893de8ec62bc2817eafb369412de74bf09d,0x31bdcd27d045ba8d700bb61d7abb49b4df7fd82da3bc51530f9dd6e94399dc71,,56342140477,,,,
0x2f6cb8811d108e8ed520afecd4e9c50e88ead10a25d40f0d8df425ccebae4d85,0,0x6fb266e3c2a54dc0389497d3f54a68d74345e9d841fceb74901a330169414d3d,56099,33670,33670,0x82000e228027bbfab26eff81c221024fe4b0690a,0x35d4a3341b38630175602c7983eca59da2a2ad9704cc0a58448faea0d99dd001,,58019101421,,,,
0x7ff3b1d4abbb4d90b7fd29c5f25a05fbfa82001f65d3eddf985efde2029ca221,0,0x436e92f36d9fe51cc2db093963079e116f695aef47b1c728423d8e6748ff71cf,56117,34742,34742,0xbafa73d5c2d46b66c299e1bb6d6b9f46b21819f7,0xac293f01f701bcd7655ff5d0a6016e5a0a6e8ad4945c27e52d1324445a57326b,,59998824274,,,,
0xecda9caafd5cc8677b3fc1f61914b5963f65eba3b2ad3f0ba833a1ec1dafc244,0,0xa1520f8864c56b78801620f33b11075f9b62cb5c9d1e42cd02d038bb9dd9452b,56121,33670,33670,0x627a6ebfc21a2dc63efac99a68c8e0d85c25bce8,0xbdfa460e08acd774fb277b9bebcf7970345ab3f4de0b9c19e1fd78f0b3e58eff,,57673635924,,,,
0x7ca181a1342f1753efa768ba642235c43050bc1c49370fe27f3326afc13181e7,0,0xca85aa8d8a8d9bf93b1f05e1a76c2b1115b3b2157a367fb171b71de668b83fe1,56131,221632,221632,0x3d26e176a2d25d3ae98f67c9f1086704be816e5e,0x5b3ccab6f6d221d720f10f113f69cbabfaac581cf158acd605f26d15d2a26c0e,,58285213517,,,,
0xa89651f34de56a3893dc9ddf78c5ea06017f761ea0a3e829264d07a9b116148d,0,0xcc30e8a9b15c548d5bf113c834143a8f0e1909fbfea96b2a208dc154293a78cf,56157,174033,174033,0xbb6006a18eca93c83c31cefa380fccf50fa3bff7,0xb00e33e5d4c5e05498d1ce02794e3c1dca3a1131a1ee57b7e2f25ff4300d396b,,55094973562,,,,
0x1aa555d624397a94aca3001360c4b82a7d473fbed1699daedfd4d3c2e4d79347,2,0x0959df5cf43ae848d1dd10ca60bf2f031f7d3738568255a60dd7916e8a5c3211,56181,302886,260886,0x40f457d7d8430bc6d03609b81cc2e95b7befb01a,0x3ff5b4c1e6724cc08375453d8ec5f3368f19f04dad3687586149281ab198586f,,58613182272,,,,
0xd8d5773567447ae0a719f613e1879d16cc11d3396c2157c1ef2ecd06415698c0,0,0xc704c1e08a55b87ce3d09515fb6ba5ea471d5c2ba7412cb59408f995690ee0bf,56236,362246,362246,0x3de43c2475a639f8b4cd8655ca7c395855274374,0xd68257c53e1d3ad03aa7acb1ed8f8d30adae04e67e3676e4f37216380b35fd6c,,58013749666,,,,
0xc5a9e309b48f9629d7e16bbb7930b486d9c8e18127bfac2b11c8423bfa96af57,0,0x55032c0f9eff052b5d3716af423c39da5e52adeb178c46da6931dd29c2097a24,56258,177016,177016,0xb49180d443dc4ca6028de0031ac09337891fd8ce,0x2c4bf9467239ec9d7a70e18a88915e48f5b30502c53988f67d8af58f1c5709ca,,55468894228,,,,
0xf6c04141ecdb7b9731d7bdecec2986f5713c7cc10a28b5841f6cf65847ba4e19,0,0x81b3f2b3519b9d2ee58c2b4e473ed0289de11e5a18e476dba0eaba8ea32c1534,56289,667149,667149,0x01957911244e546ce519fbac6f798958fafadb41,0x2cedc0527b3ae90e0239e40f777c705058a9a66fe3b6ead3ffdf2ac851d7d061,,56023222734,,,,
0x1aca4e0bef992eb33653d52123cca40c9c8acdd3ddb0b73720ece53a9bc44c80,0,0x3ac19958b46b78d0fccaaca9518d705ab861b02a3671b65ccfa6e9ea7d47b67e,56406,87074,87074,0x44bc652e977c0a40905ea9d0eb0da1a148358d61,0x8ab28317602699024b5f8b1b9f9f5c904aa47b46035a1a9ea4cb09943a5dcb88,,59510585895,,,,
0xe11004b2cf997d767cc9d5b77b017655d44e05f86299d99a52552fae1f393e73,0,0x09ef42be6333ae440973d074026bf5852d7f75268aeeb4742fd450102984c0a6,56414,448526,448526,0xf38b4b47b3d6a50078aa97b3c0a75664224ea71c,0x7a6c4369e08af2470f1dd3604406b02f1bd856685cc942ea51f2d448276d2117,,57090630279,,,,
0x163429ca714fe2d9614c726ad962919f5bbe2b035a1d2ac99a82f2fbc4732662,0,0x450458092a0b2d41710ac58a0071f6c55d52df22941adbf5fc81ea4a37957851,56435,65214,65214,0xabff46330bc70e19673b280d2f77f6bbb485f029,0x9cd2e6333ef9e462747fc8e80baf591f476a7d72705f621aca97f529eb0c8344,,55424426179,,,,
0xb7314539e7288fd225e35bfce8bcff09a0293929f87c712d55cf96826c41cba5,0,0x1a1d729e8513d4a1aa34ce0113c91dfa9949938afee79bb348458f2cb91f1d5b,56478,448526,448526,0xcdd192f2c49383af4321c7d1941fb3c9ca1b622c,0x61da6a9123c6f3012df0cf7c521a29ddfe559e35b6104e564890c215404e190d,,56407349853,,,,
0x8f46ef9774e805fbeaa6b794611b2c326bc42e6e434e1a2cb57ac38f04180a64,0,0xb5a43418a9c1578be9fcac45e703cfb6d93f6c7e4d7c2f0a4dcda0105c8862bd,56646,454900,454900,0x7af6af3d4491a161670837d0737bada43ffbb992,0x5904934db51b26f72fb68d8a5ef4e5399e058477bfb662cca964280492882a78,,57536924910,,,,
0xf74327b8be0dd3cf22ce3998ae402eef433ea181dc1397bca2b0e9e504fd6445,0,0x452e94e2cba32ecb502b6c171f141af780b650d6ace5c84ce4348a5833cf0f38,59324,440734,440734,0x05fe1822845381c20abf02ff0621d35a07570472,0xdddf4525b3635998e18d475bb270e41c6a572cdbf38e9e513fb9266a373980b0,,54565795049,,,,
0x0a65557f28808f6f3d4dd6e73ae05380f7a9404ea559c75af1889c9cdd7a0b25,0,0x43a1cf7c077c03e67025565a697c3a109e50fb9102a583465952c9d8e05de871,59482,440734,440734,0x9ed1a2bc358c216483b6d52b9c404b766e2c87c0,0x005477ce734c1f70fb1dd13ed0ee3c07998844b5220f5e2f049ef2368784dc7f,,56722755859,,,,
0x3a1212daac52d6f208a2601704d350f76653832521c808fc911665eeef4c8558,2,0x582790a77fc0ec2c648d2d40762bef4e710478c5c82ffff341135c94406c4088,59542,358138,315526,0x45109a940501da9c2f32db25fb40c23c5775a62c,0x89f875dfc62c4b12ca483807d431dc7f60b9b12cf62baf6be1b89ed79d23d396,,55149903651,,,,
0x1571f8b8c822cb61cbb06b6164e939bf950edf4379eb77ad2762715c02ccd1e1,0,0x1c1860b465462bf5e0b9b86f821e92e92587a5766a0376a9e84a0c94cf259d95,59549,315526,315526,0xd8563be89a5cd66874d78b58af57a9add3286e03,0x9d4d166f085258b6e9f4c5677d870a7be33fdf6ae8c97a6ef4936239a846df35,,56873892158,,,,
0x0266e858b75cd37f16e0ccdd570eed3f76e695f919ebaa9ffceb304a5c3a32ce,0,0x28171ba821a9cf120755a88c6093e0c3dff27fa71c03c6765b6f2f6971530629,59559,99011,99011,0x491756ee26d3ec290f86e06375939c909e8a4575,0xca066853a2ac224c9ab2b28c5ff316eeb1bcb1c5e9d1aac12dd12e96844d9be6,,56600607831,,,,
0x115cdaeb7362d1d0e5afde533ea23705183b2712b14ac32810dd75577c866f71,0,0xd2dc79019d1db00e500e8d005bc056f46b499290529f8885faaaa369726206ab,59716,301487,301487,0x4364eff50d20ca13ec7ec6e9b0f7529a1f39df3c,0x265c68d08e36259e2c8b65479e16711a78cce8dbe39f3f1c12e1f2eb6e20cc44,,60086922046,,,,
0x5a3f2abbb4a3aad23c7bdbd4846853b922f9102ae109eca30aae20d9a9632541,0,0x0d4d51d004432e4cf7d3927602a9564855f9fa7ac268ef5824307029f391df9d,59923,280506,280506,0xdf683ef2fc45ee3105be89e192453de929f0f7a8,0x814280ecf52cc72bb753d10d32195f8d7c40d5c41bcb2c4a8928f3fd53bcc820,,57935965411,,,,
0x2b1620293394fd551e50848a0417228cc71ff788fb208b7ff1090ee9f3558430,1,0x1b0e66fd067e28c0a0bdcf69ec43262fb2039a782b0a6f92322b6916cbc8c960,59995,301506,280506,0x63d45f78197deb5ea5761caf292b0ab4b7ac2f70,0x57594149b39bc3cc93b8be8d6e9b389c0cbbd37505f71b87dd903b4bf806154f,,56340844861,,,,
0xb8b74ca2056ab50a7d90b05abdc87a90f8be02b7c5ae98a4d36dc4afd78163c3,0,0xee561d92437b0696a9a6552c16a3d504c87cabcc9435988d527f65dcd495273a,60143,278491,278491,0x020522bf9b8ed6ff41e2fa6765a17e20e2767d64,0x487e5c9364717da2669d34938c52aaa18c5c92ad43392560f7fb56d30e0bfe22,,58039008293,,,,
0x46f4b3a96fc4b9baaaac60b9e49fd3bb0699873e4a1eeca2674bf7f10cbd4414,0,0x8dca24b0d079f83f4cd835dd4c2ce217cd256a57ff949a4c019b1a547bb7c95a,61142,492827,492827,0xc7d3e431be6222543364408a94c12c0d089be305,0x0766fb75263c63cab6704fc572d27c72e966f81c3ed4b8f2d299534226d06a93,,58478734943,,,,
